Barrio,Comuna,Numero,Nombre,Latitud,Longitud,Anclajes,FormatId
RECOLETA,COMUNA 2,1,FACULTAD DE DERECHO,-34.5842,-58.3905,30.0,001 - FACULTAD DE DERECHO
RETIRO,COMUNA 1,2,RETIRO I,-34.5927,-58.3751,36.0,002 - RETIRO I
MONSERRAT,COMUNA 1,3,ADUANA,-34.6112,-58.3696,20.0,003 - ADUANA
SAN NICOLAS,COMUNA 1,4,PLAZA ROMA,-34.6018,-58.3691,20.0,004 - PLAZA ROMA
PALERMO,COMUNA 14,5,PLAZA ITALIA,-34.5808,-58.4204,42.0,005 - PLAZA ITALIA
SAN TELMO,COMUNA 1,6,PARQUE LEZAMA,-34.6282,-58.3694,20.0,006 - PARQUE LEZAMA
SAN NICOLAS,COMUNA 1,7,OBELISCO,-34.6058,-58.3807,16.0,007 - OBELISCO
SAN NICOLAS,COMUNA 1,8,CONGRESO,-34.6101,-58.3891,24.0,008 - CONGRESO
PALERMO,COMUNA 14,9,PARQUE LAS HERAS,-34.5855,-58.4077,24.0,009 - PARQUE LAS HERAS
PUERTO MADERO,COMUNA 1,10,MADERO UCA,-34.617,-58.3658,20.0,010 - MADERO UCA
SAN NICOLAS,COMUNA 1,11,TRIBUNALES,-34.6017,-58.3854,20.0,011 - TRIBUNALES
RECOLETA,COMUNA 2,12,PLAZA VICENTE LOPEZ,-34.5928,-58.3888,16.0,012 - PLAZA VICENTE LOPEZ
BALVANERA,COMUNA 3,13,ONCE,-34.6101,-58.4066,30.0,013 - ONCE
PALERMO,COMUNA 14,14,PACIFICO,-34.5782,-58.4266,30.0,014 - PACIFICO
PUERTO MADERO,COMUNA 1,15,JUANA MANSO II,-34.6004,-58.3639,15.0,015 - JUANA MANSO II
MONSERRAT,COMUNA 1,16,LEGISLATURA,-34.6099,-58.375,20.0,016 - LEGISLATURA
ALMAGRO,COMUNA 5,17,PLAZA ALMAGRO,-34.6064,-58.4185,20.0,017 - PLAZA ALMAGRO
MONSERRAT,COMUNA 1,18,INDEPENDENCIA,-34.6176,-58.3803,20.0,018 - INDEPENDENCIA
RETIRO,COMUNA 1,19,PLAZA SAN MARTIN,-34.5956,-58.3773,21.0,019 - PLAZA SAN MARTIN
COLEGIALES,COMUNA 13,20,DISTRITO AUDIOVISUAL,-34.5801,-58.4416,20.0,020 - DISTRITO AUDIOVISUAL
PARQUE PATRICIOS,COMUNA 4,21,PARQUE PATRICIOS,-34.6403,-58.4065,24.0,021 - PARQUE PATRICIOS
RETIRO,COMUNA 1,22,ARENALES,-34.5943,-58.3828,20.0,022 - ARENALES
SAN NICOLAS,COMUNA 1,23,SUIPACHA,-34.6001,-58.3797,12.0,023 - SUIPACHA
MONSERRAT,COMUNA 1,24,ALSINA,-34.6108,-58.3806,18.0,024 - ALSINA
PALERMO,COMUNA 14,25,PLAZA GUEMES,-34.5898,-58.4166,24.0,025 - PLAZA GUEMES
PUERTO MADERO,COMUNA 1,26,JUANA MANSO I,-34.6009,-58.3638,30.0,026 - JUANA MANSO I
SAN NICOLAS,COMUNA 1,27,MONTEVIDEO,-34.5994,-58.3897,16.0,027 - MONTEVIDEO
BOEDO,COMUNA 5,28,PLAZA BOEDO,-34.6231,-58.4124,18.0,028 - PLAZA BOEDO
VELEZ SARSFIELD,COMUNA 10,28,PLAZA DE LA BANDERA,-34.6295,-58.4944,16.0,028 - PLAZA DE LA BANDERA
CABALLITO,COMUNA 6,29,PARQUE CENTENARIO,-34.608,-58.4333,30.0,029 - PARQUE CENTENARIO
RECOLETA,COMUNA 2,30,PEÑA,-34.5906,-58.3974,20.0,030 - PEÑA
VILLA CRESPO,COMUNA 15,31,PADILLA,-34.6031,-58.4397,20.0,031 - PADILLA
SAN NICOLAS,COMUNA 1,32,CATEDRAL,-34.6072,-58.3735,16.0,032 - CATEDRAL
RECOLETA,COMUNA 2,33,FACULTAD DE MEDICINA,-34.5972,-58.3988,20.0,033 - FACULTAD DE MEDICINA
PUERTO MADERO,COMUNA 4,34,COLONIA EXPRESS,-34.6243,-58.3623,16.0,034 - COLONIA EXPRESS
RETIRO,COMUNA 1,35,INGENIERO BUTTY,-34.5962,-58.3718,20.0,035 - INGENIERO BUTTY
SAN NICOLAS,COMUNA 1,36,MAIPU,-34.6046,-58.3766,16.0,036 - MAIPU
SAN NICOLAS,COMUNA 1,37,CLAUDIA PIA BRAUDACCO,-34.6082,-58.3778,16.0,037 - CLAUDIA PIA BRAUDACCO
RETIRO,COMUNA 1,38,PLAZA LIBERTAD,-34.5971,-58.3827,20.0,038 - PLAZA LIBERTAD
MONSERRAT,COMUNA 1,39,CONGRESO II,-34.6089,-58.3877,20.0,039 - CONGRESO II
VILLA LURO,COMUNA 10,39,PLAZA DON BOSCO,-34.6265,-58.5081,16.0,039 - PLAZA DON BOSCO
SAN NICOLAS,COMUNA 1,40,SARMIENTO,-34.6044,-58.3735,16.0,040 - SARMIENTO
PARQUE PATRICIOS,COMUNA 4,41,URQUIZA Y RONDEAU,-34.6363,-58.4077,20.0,041 - URQUIZA Y RONDEAU
SAN NICOLAS,COMUNA 1,42,DIAGONAL NORTE,-34.6046,-58.3798,18.0,042 - DIAGONAL NORTE
SAAVEDRA,COMUNA 12,43,PLAZA ALBERTDI,-34.5593,-58.4878,12.0,043 - PLAZA ALBERTDI
RECOLETA,COMUNA 2,43,PLAZA HOUSSAY,-34.5986,-58.3973,8.0,043 - PLAZA HOUSSAY
PALERMO,COMUNA 14,44,ECOPARQUE,-34.5758,-58.4143,20.0,044 - ECOPARQUE
SAN NICOLAS,COMUNA 1,45,URUGUAY,-34.6022,-58.3866,20.0,045 - URUGUAY
SAN TELMO,COMUNA 1,46,CHILE,-34.6164,-58.3744,18.0,046 - CHILE
MONSERRAT,COMUNA 1,47,COLEGIO NACIONAL DE BUENOS AIRES,-34.6116,-58.3733,16.0,047 - COLEGIO NACIONAL DE BUENOS AIRES
SAN NICOLAS,COMUNA 1,48,PERON,-34.6038,-58.3711,16.0,048 - PERON
BOEDO,COMUNA 5,49,33 ORIENTALES,-34.6288,-58.4223,16.0,049 - 33 ORIENTALES
PALERMO,COMUNA 14,50,HOSPITAL RIVADAVIA,-34.5836,-58.4012,20.0,050 - HOSPITAL RIVADAVIA
SAN NICOLAS,COMUNA 1,51,TUCUMAN,-34.6014,-58.3819,12.0,051 - TUCUMAN
MATADERO,COMUNA 9,52,PLAZA JUAN S. SALABERRY,-34.6555,-58.507,16.0,052 - PLAZA JUAN S. SALABERRY
ALMAGRO,COMUNA 5,52,SANCHEZ DE BUSTAMANTE,-34.6069,-58.4148,20.0,052 - SANCHEZ DE BUSTAMANTE
RETIRO,COMUNA 1,53,RICARDO ROJAS,-34.5954,-58.3744,20.0,053 - RICARDO ROJAS
ALMAGRO,COMUNA 5,54,ACUÑA DE FIGUEROA,-34.5982,-58.4219,20.0,054 - ACUÑA DE FIGUEROA
SAN NICOLAS,COMUNA 1,55,BOUCHARD,-34.5993,-58.3696,20.0,055 - BOUCHARD
PALERMO,COMUNA 14,56,PLAZA PALERMO VIEJO,-34.5887,-58.4262,16.0,056 - PLAZA PALERMO VIEJO
MONSERRAT,COMUNA 1,57,BELGRANO,-34.6134,-58.3707,16.0,057 - BELGRANO
PALERMO,COMUNA 14,58,MINISTRO CARRANZA,-34.5749,-58.4353,20.0,058 - MINISTRO CARRANZA
PALERMO,COMUNA 14,59,CORONEL DIAZ,-34.5902,-58.4116,20.0,059 - CORONEL DIAZ
SAN NICOLAS,COMUNA 1,60,25 DE MAYO,-34.6015,-58.3712,20.0,060 - 25 DE MAYO
MONSERRAT,COMUNA 1,61,MINISTERIO DE ECONOMIA,-34.6088,-58.3707,24.0,061 - MINISTERIO DE ECONOMIA
RETIRO,COMUNA 1,62,CORDOBA,-34.5985,-58.3769,20.0,062 - CORDOBA
SAN NICOLAS,COMUNA 1,63,RECONQUISTA,-34.5985,-58.3728,24.0,063 - RECONQUISTA
RECOLETA,COMUNA 2,64,RIOBAMBA,-34.594,-58.3945,20.0,064 - RIOBAMBA
PALERMO,COMUNA 14,65,JULIAN ALVAREZ,-34.5873,-58.416,20.0,065 - JULIAN ALVAREZ
RECOLETA,COMUNA 2,66,BILLINGHURST,-34.5947,-58.4139,20.0,066 - BILLINGHURST
SAAVEDRA,COMUNA 12,67,PARQUE SARMIENTO I,-34.5553,-58.4948,16.0,067 - PARQUE SARMIENTO I
PARQUE CHACABUCO,COMUNA 7,67,SENILLOSA,-34.6385,-58.4255,16.0,067 - SENILLOSA
VILLA LUGANO,COMUNA 8,68,MINISTERIO DE DESARROLLO HUMANO,-34.6701,-58.4956,16.0,068 - MINISTERIO DE DESARROLLO HUMANO
SAN NICOLAS,COMUNA 1,68,RIVAROLA,-34.6066,-58.3854,20.0,068 - RIVAROLA
RECOLETA,COMUNA 2,69,ECUADOR,-34.5958,-58.4046,16.0,069 - ECUADOR
PALERMO,COMUNA 14,70,ARAOZ,-34.5927,-58.4258,20.0,070 - ARAOZ
SAN NICOLAS,COMUNA 1,71,CERRITO,-34.6026,-58.3838,30.0,071 - CERRITO
MONSERRAT,COMUNA 1,72,VENEZUELA,-34.6137,-58.3746,18.0,072 - VENEZUELA
BOCA,COMUNA 4,73,RUY DIAZ DE GUZMAN,-34.6305,-58.3716,16.0,073 - RUY DIAZ DE GUZMAN
CABALLITO,COMUNA 6,74,INSTITUTO LELOIR,-34.6046,-58.4348,30.0,074 - INSTITUTO LELOIR
BALVANERA,COMUNA 3,75,PLAZA PRIMERO DE MAYO,-34.6123,-58.3989,20.0,075 - PLAZA PRIMERO DE MAYO
BALVANERA,COMUNA 3,76,AYACUCHO,-34.607,-58.395,20.0,076 - AYACUCHO
BALVANERA,COMUNA 3,77,SARANDI,-34.6114,-58.3947,20.0,077 - SARANDI
RETIRO,COMUNA 1,78,SUIPACHA Y ARROYO,-34.5909,-58.38,20.0,078 - SUIPACHA Y ARROYO
PUERTO MADERO,COMUNA 1,79,AZUCENA VILLAFLOR,-34.612,-58.3639,30.0,079 - AZUCENA VILLAFLOR
CABALLITO,COMUNA 6,80,DOBLAS,-34.6242,-58.4303,16.0,080 - DOBLAS
MONSERRAT,COMUNA 1,81,BALCARCE,-34.6157,-58.3706,18.0,081 - BALCARCE
ALMAGRO,COMUNA 5,82,HOSPITAL ITALIANO,-34.6074,-58.4262,20.0,082 - HOSPITAL ITALIANO
SAN NICOLAS,COMUNA 1,83,PARANA,-34.6031,-58.3893,20.0,083 - PARANA
BALVANERA,COMUNA 3,84,LAVALLE,-34.6023,-58.3955,20.0,084 - LAVALLE
RECOLETA,COMUNA 2,85,AGUERO,-34.5945,-58.4089,20.0,085 - AGUERO
SAN CRISTOBAL,COMUNA 3,86,SAAVEDRA,-34.6213,-58.4018,20.0,086 - SAAVEDRA
CABALLITO,COMUNA 6,87,GUAYAQUIL,-34.6198,-58.4313,16.0,087 - GUAYAQUIL
BALVANERA,COMUNA 3,88,MISIONES,-34.6126,-58.4044,20.0,088 - MISIONES
PALERMO,COMUNA 14,89,CABELLO,-34.5825,-58.4054,20.0,089 - CABELLO
RECOLETA,COMUNA 2,90,GUTIERREZ,-34.5866,-58.3999,19.0,090 - GUTIERREZ
BALVANERA,COMUNA 3,91,PASCO,-34.6174,-58.3976,20.0,091 - PASCO
PARQUE PATRICIOS,COMUNA 4,92,SALCEDO,-34.6318,-58.4049,20.0,092 - SALCEDO
SAN CRISTOBAL,COMUNA 3,93,CARLOS CALVO,-34.6207,-58.3944,20.0,093 - CARLOS CALVO
CHACARITA,COMUNA 15,94,GUZMAN,-34.5917,-58.4497,30.0,094 - GUZMAN
SAN NICOLAS,COMUNA 1,95,ESMERALDA,-34.6021,-58.3782,16.0,095 - ESMERALDA
BALVANERA,COMUNA 3,96,CARLOS GARDEL,-34.6029,-58.4115,20.0,096 - CARLOS GARDEL
PARQUE CHACABUCO,COMUNA 7,97,AVELINO DIAZ,-34.6353,-58.4275,16.0,097 - AVELINO DIAZ
MONTE CASTRO,COMUNA 10,98,Benito Juarez,-34.619,-58.5047,12.0,098 - BENITO JUAREZ
MONSERRAT,COMUNA 1,98,BELGRANO Y ROCA,-34.6129,-58.3776,,098 - BELGRANO Y ROCA
VILLA CRESPO,COMUNA 15,99,MALABIA,-34.5963,-58.4357,20.0,099 - MALABIA
VILLA CRESPO,COMUNA 15,100,PLAZA GURRUCHAGA,-34.5931,-58.4351,20.0,100 - PLAZA GURRUCHAGA
CHACARITA,COMUNA 15,101,FITZ ROY,-34.5891,-58.4423,20.0,101 - FITZ ROY
CHACARITA,COMUNA 15,102,ROSETI,-34.5864,-58.446,12.0,102 - ROSETI
PALERMO,COMUNA 14,103,MALBA,-34.5771,-58.403,20.0,103 - MALBA
CHACARITA,COMUNA 15,104,FEDERICO LACROZE,-34.5876,-58.4551,30.0,104 - FEDERICO LACROZE
PARQUE PATRICIOS,COMUNA 4,105,15 DE NOVIEMBRE,-34.634,-58.401,16.0,105 - 15 DE NOVIEMBRE
SAAVEDRA,COMUNA 12,105,PARQUE SAAVEDRA,-34.5521,-58.4805,16.0,105 - PARQUE SAAVEDRA
PARQUE CHAS,COMUNA 15,106,MOSCONI Y CONSTITUYENTES,-34.5809,-58.4936,16.0,106 - MOSCONI Y CONSTITUYENTES
BALVANERA,COMUNA 3,106,RINCON,-34.6152,-58.3959,20.0,106 - RINCON
PARQUE PATRICIOS,COMUNA 4,107,HOSPITAL GARRAHAN,-34.6303,-58.3963,16.0,107 - HOSPITAL GARRAHAN
BOCA,COMUNA 4,108,USINA DEL ARTE,-34.6289,-58.3562,24.0,108 - USINA DEL ARTE
VILLA PUEYRREDON,COMUNA 12,109,ESTACION PUEYRREDON,-34.5811,-58.5015,16.0,109 - ESTACION PUEYRREDON
VILLA CRESPO,COMUNA 15,109,LERMA,-34.5968,-58.4295,20.0,109 - LERMA
ALMAGRO,COMUNA 5,110,GUARDIA VIEJA,-34.6022,-58.4141,20.0,110 - GUARDIA VIEJA
VERSALLES,COMUNA 10,110,PLAZA CD DE BANFF,-34.6281,-58.5217,8.0,110 - PLAZA CD DE BANFF
PUERTO MADERO,COMUNA 1,111,MACACHA GUEMES,-34.6048,-58.3639,30.0,111 - MACACHA GUEMES
MONSERRAT,COMUNA 1,112,9 DE JULIO,-34.6121,-58.3805,20.0,112 - 9 DE JULIO
PALERMO,COMUNA 14,113,GUATEMALA,-34.5857,-58.4251,20.0,113 - GUATEMALA
RETIRO,COMUNA 1,114,DELLA PAOLERA,-34.5949,-58.3724,32.0,114 - DELLA PAOLERA
RECOLETA,COMUNA 2,115,QUINTANA,-34.5878,-58.3908,16.0,115 - QUINTANA
RECOLETA,COMUNA 2,116,HOSPITAL ALEMAN,-34.5921,-58.4028,12.0,116 - HOSPITAL ALEMAN
SAN TELMO,COMUNA 1,117,HUMBERTO 1°,-34.6199,-58.3742,16.0,117 - HUMBERTO 1°
BALVANERA,COMUNA 3,118,MEXICO,-34.6168,-58.4027,20.0,118 - MEXICO
RECOLETA,COMUNA 2,119,EMILIO MITRE,-34.5885,-58.3978,20.0,119 - EMILIO MITRE
BALVANERA,COMUNA 3,120,HOSPITAL RAMOS MEJIA,-34.6175,-58.4092,20.0,120 - HOSPITAL RAMOS MEJIA
ALMAGRO,COMUNA 5,121,YATAY,-34.6008,-58.4283,20.0,121 - YATAY
PALERMO,COMUNA 14,122,COSTA RICA,-34.5916,-58.4204,20.0,122 - COSTA RICA
PALERMO,COMUNA 14,123,ARMENIA,-34.5853,-58.4211,20.0,123 - ARMENIA
MATADEROS,COMUNA 9,123,BASUALDO Y RODO,-34.6523,-58.4874,16.0,123 - BASUALDO Y RODO
PALERMO,COMUNA 14,124,UGARTECHE,-34.5807,-58.4125,20.0,124 - UGARTECHE
PALERMO,COMUNA 14,125,F. J. SANTAMARIA DE ORO,-34.5834,-58.4281,16.0,125 - F. J. SANTAMARIA DE ORO
BOCA,COMUNA 4,126,MINISTERIO DE JUSTICIA Y SEGURIDAD,-34.6401,-58.3693,16.0,126 - MINISTERIO DE JUSTICIA Y SEGURIDAD
VILLA PUEYRREDON,COMUNA 12,127,PLAZA LEONARDO N. ALEM,-34.5763,-58.5025,20.0,127 - PLAZA LEONARDO N. ALEM
CHACARITA,COMUNA 15,127,SANTOS DUMONT Y OTERO,-34.5923,-58.4531,16.0,127 - SANTOS DUMONT Y OTERO
SAN NICOLAS,COMUNA 1,128,PARQUE DEL BAJO,-34.6052,-58.368,20.0,128 - PARQUE DEL BAJO
VILLA CRESPO,COMUNA 15,129,VELASCO,-34.6002,-58.4349,16.0,129 - VELASCO
RETIRO,COMUNA 1,130,RETIRO II,-34.5927,-58.375,40.0,130 - RETIRO II
RECOLETA,COMUNA 2,131,HOSPITAL DE CLINICAS,-34.5983,-58.399,16.0,131 - HOSPITAL DE CLINICAS
SAN NICOLAS,COMUNA 1,132,CORRIENTES,-34.6031,-58.3725,12.0,132 - CORRIENTES
VILLA DEVOTO,COMUNA 11,133,BEIRO Y SEGUROLA,-34.6075,-58.5119,16.0,133 - BEIRO Y SEGUROLA
PALERMO,COMUNA 14,133,NICARAGUA,-34.5809,-58.4345,20.0,133 - NICARAGUA
ALMAGRO,COMUNA 5,134,DON BOSCO,-34.6119,-58.4153,20.0,134 - DON BOSCO
VILLA LUGANO,COMUNA 8,134,SOLDADO DE LA FRONTERA,-34.6832,-58.466,12.0,134 - SOLDADO DE LA FRONTERA
SAN NICOLAS,COMUNA 1,135,MARCELO T. DE ALVEAR,-34.5975,-58.3784,20.0,135 - MARCELO T. DE ALVEAR
VILLA CRESPO,COMUNA 15,136,ACEVEDO,-34.5998,-58.4428,20.0,136 - ACEVEDO
MONSERRAT,COMUNA 1,137,AZOPARDO Y CHILE,-34.6157,-58.3676,24.0,137 - AZOPARDO Y CHILE
BARRACAS,COMUNA 4,138,HOSPITAL BRITANICO,-34.6354,-58.3876,12.0,138 - HOSPITAL BRITANICO
BOEDO,COMUNA 5,139,VIRREY LINIERS,-34.6334,-58.4132,20.0,139 - VIRREY LINIERS
BOEDO,COMUNA 5,140,LAS CASAS,-34.6359,-58.4157,16.0,140 - LAS CASAS
MONSERRAT,COMUNA 1,141,SOLIS Y ALSINA,-34.6118,-58.3904,20.0,141 - SOLIS Y ALSINA
PALERMO,COMUNA 14,142,ARMENIA Y GORRITI,-34.5907,-58.4289,16.0,142 - ARMENIA Y GORRITI
ALMAGRO,COMUNA 5,143,BILLINGHURST Y VALENTIN GOMEZ,-34.6046,-58.4158,20.0,143 - BILLINGHURST Y VALENTIN GOMEZ
BALVANERA,COMUNA 3,144,PUEYRREDON,-34.6021,-58.4061,20.0,144 - PUEYRREDON
PALERMO,COMUNA 14,145,RAVIGNANI,-34.5803,-58.4378,20.0,145 - RAVIGNANI
SAN CRISTOBAL,COMUNA 3,146,HOSPITAL FRANCES,-34.6222,-58.4077,20.0,146 - HOSPITAL FRANCES
CONSTITUCION,COMUNA 1,147,CONSTITUCION,-34.6261,-58.3793,48.0,147 - CONSTITUCION
PATERNAL,COMUNA 15,148,PATERNAL,-34.6007,-58.47,16.0,148 - PATERNAL
MONSERRAT,COMUNA 1,149,LIMA,-34.6153,-58.3816,16.0,149 - LIMA
PUERTO MADERO,COMUNA 1,150,RODRIGO BUENO,-34.6192,-58.3556,30.0,150 - RODRIGO BUENO
PUERTO MADERO,COMUNA 1,150,VERA PEÑALOZA,-34.6175,-58.3627,30.0,150 - VERA PEÑALOZA
PUERTO MADERO,COMUNA 1,151,AIME PAINE,-34.612,-58.3615,24.0,151 - AIME PAINE
PUERTO MADERO,COMUNA 1,152,JULIETA LANTERI,-34.6181,-58.36,28.0,152 - JULIETA LANTERI
BOCA,COMUNA 4,153,JUAN MANUEL BLANES,-34.6307,-58.3621,16.0,153 - JUAN MANUEL BLANES
ALMAGRO,COMUNA 5,154,GALLO,-34.6005,-58.4123,20.0,154 - GALLO
NUEVA POMPEYA,COMUNA 4,155,PARQUE JOSE EVARISTO URIBURU,-34.6381,-58.4112,20.0,155 - PARQUE JOSE EVARISTO URIBURU
PALERMO,COMUNA 14,156,PLAZA ALEMANIA,-34.5778,-58.4073,20.0,156 - PLAZA ALEMANIA
PARQUE CHACABUCO,COMUNA 7,157,SENILLOSA Y ZUVIRIA,-34.6283,-58.428,20.0,157 - SENILLOSA Y ZUVIRIA
CHACARITA,COMUNA 15,158,VILLARROEL,-34.5925,-58.4452,20.0,158 - VILLARROEL
PALERMO,COMUNA 14,159,FITZ ROY Y GORRITI,-34.5849,-58.4372,16.0,159 - FITZ ROY Y GORRITI
PALERMO,COMUNA 14,160,GODOY CRUZ Y LIBERTADOR,-34.5728,-58.4207,20.0,160 - GODOY CRUZ Y LIBERTADOR
ALMAGRO,COMUNA 5,161,HUMAHUACA,-34.6021,-58.4195,20.0,161 - HUMAHUACA
BALVANERA,COMUNA 3,162,LARREA Y BARTOLOME MITRE,-34.609,-58.4019,20.0,162 - LARREA Y BARTOLOME MITRE
BALVANERA,COMUNA 3,163,ONCE II,-34.6088,-58.4061,30.0,163 - ONCE II
SAN TELMO,COMUNA 1,164,FACULTAD DE INGENIERIA,-34.6173,-58.3669,20.0,164 - FACULTAD DE INGENIERIA
RECOLETA,COMUNA 2,165,PLAZA MONSEÑOR MIGUEL DE ANDREA,-34.597,-58.4076,12.0,165 - PLAZA MONSEÑOR MIGUEL DE ANDREA
RECOLETA,COMUNA 2,166,CEMENTERIO DE LA RECOLETA,-34.5886,-58.3942,20.0,166 - CEMENTERIO DE LA RECOLETA
ALMAGRO,COMUNA 5,167,HIPOLITO YRIGOYEN,-34.615,-58.4273,24.0,167 - HIPOLITO YRIGOYEN
CONSTITUCION,COMUNA 1,168,ESTADOS UNIDOS,-34.6185,-58.3815,16.0,168 - ESTADOS UNIDOS
BALVANERA,COMUNA 3,169,FACULTAD DE PSICOLOGIA,-34.6118,-58.4117,12.0,169 - FACULTAD DE PSICOLOGIA
BALVANERA,COMUNA 3,170,SAN LUIS Y ECUADOR,-34.5997,-58.406,20.0,170 - SAN LUIS Y ECUADOR
BALVANERA,COMUNA 3,171,PASTEUR,-34.603,-58.3996,20.0,171 - PASTEUR
SAN TELMO,COMUNA 1,172,BRASIL,-34.6254,-58.3711,16.0,172 - BRASIL
SAN TELMO,COMUNA 1,173,PLAZA CECILIA GRIERSON,-34.6221,-58.375,16.0,173 - PLAZA CECILIA GRIERSON
RECOLETA,COMUNA 2,174,MINISTERIO DE EDUCACION,-34.5972,-58.3918,20.0,174 - MINISTERIO DE EDUCACION
SAN NICOLAS,COMUNA 1,175,ESMERALDA Y CORRIENTES,-34.6035,-58.3781,7.0,175 - ESMERALDA Y CORRIENTES
BOCA,COMUNA 4,176,PINZON Y MARTIN RODRIGUEZ,-34.6341,-58.3609,9.0,176 - PINZON Y MARTIN RODRIGUEZ
VILLA LURO,COMUNA 10,178,PLAZA DERECHOS DEL HOMBRE,-34.634,-58.5069,12.0,178 - PLAZA DERECHOS DEL HOMBRE
PALERMO,COMUNA 14,177,PLANETARIO,-34.5682,-58.4123,7.0,177 - PLANETARIO
BOEDO,COMUNA 5,178,JOSE MARMOL,-34.6234,-58.4249,16.0,178 - JOSE MARMOL
BOCA,COMUNA 4,179,CASA SAN,-34.6385,-58.3643,16.0,179 - CASA SAN
BOCA,COMUNA 4,179,LA BOCA,-34.639,-58.3606,16.0,179 - LA BOCA
ALMAGRO,COMUNA 5,180,CASTRO Y MEXICO,-34.6198,-58.4205,20.0,180 - CASTRO Y MEXICO
RECOLETA,COMUNA 2,181,BILLINGHURST Y MANSILLA,-34.5926,-58.412,20.0,181 - BILLINGHURST Y MANSILLA
PALERMO,COMUNA 14,182,RAVIGNANI Y GUATEMALA,-34.5781,-58.4351,20.0,182 - RAVIGNANI Y GUATEMALA
MONSERRAT,COMUNA 1,183,VIRREY CEVALLOS,-34.6156,-58.3897,20.0,183 - VIRREY CEVALLOS
PARQUE PATRICIOS,COMUNA 4,184,PEDRO ECHAGUE,-34.6307,-58.3912,20.0,184 - PEDRO ECHAGUE
BOEDO,COMUNA 5,185,AV. PAVON Y 33 ORIENTALES,-34.6308,-58.4218,20.0,185 - AV. PAVON Y 33 ORIENTALES
BALVANERA,COMUNA 3,186,MANZANA 66,-34.6135,-58.4061,20.0,186 - MANZANA 66
CABALLITO,COMUNA 6,187,JOSE MARIA MORENO,-34.6202,-58.4356,20.0,187 - JOSE MARIA MORENO
CABALLITO,COMUNA 6,188,ARANGUREN,-34.6104,-58.4328,20.0,188 - ARANGUREN
RETIRO,COMUNA 1,189,POSADAS,-34.5885,-58.3855,20.0,189 - POSADAS
PALERMO,COMUNA 14,190,JUNCAL,-34.5852,-58.411,20.0,190 - JUNCAL
SAN NICOLAS,COMUNA 1,191,RIVADAVIA Y 9 DE JULIO,-34.6084,-58.3808,16.0,191 - RIVADAVIA Y 9 DE JULIO
RETIRO,COMUNA 1,192,TALCAHUANO,-34.5972,-58.3857,20.0,192 - TALCAHUANO
RECOLETA,COMUNA 2,193,ARENALES Y AGUERO,-34.5909,-58.4061,20.0,193 - ARENALES Y AGUERO
ALMAGRO,COMUNA 5,194,PERON Y ACUÑA DE FIGUEROA,-34.606,-58.4227,16.0,194 - PERON Y ACUÑA DE FIGUEROA
CONSTITUCION,COMUNA 1,195,PLAZA GARAY,-34.6271,-58.3872,20.0,195 - PLAZA GARAY
BOCA,COMUNA 4,196,HOSPITAL ARGERICH,-34.6278,-58.3661,20.0,196 - HOSPITAL ARGERICH
FLORESTA,COMUNA 10,197,PLAZA CIUDAD DE UDINE,-34.621,-58.493,20.0,197 - PLAZA CIUDAD DE UDINE
ALMAGRO,COMUNA 5,197,QUINTINO BOCAYUVA,-34.6136,-58.4255,20.0,197 - QUINTINO BOCAYUVA
PARQUE PATRICIOS,COMUNA 4,198,HOSPITAL SARDA,-34.6344,-58.4043,16.0,198 - HOSPITAL SARDA
BOEDO,COMUNA 5,199,ESTADOS UNIDOS Y BOEDO,-34.6224,-58.4158,20.0,199 - ESTADOS UNIDOS Y BOEDO
RECOLETA,COMUNA 3,200,AUSTRIA Y FRENCH,-34.5883,-58.4043,20.0,200 - AUSTRIA Y FRENCH
NUEVA POMPEYA,COMUNA 4,201,PEPIRI,-34.652,-58.4073,8.0,201 - PEPIRI
VILLA LURO,COMUNA 10,201,PLAZA EJERCITO DE LOS ANDES,-34.6391,-58.5101,8.0,201 - PLAZA EJERCITO DE LOS ANDES
VILLA DEL PARQUE,COMUNA 11,202,NOGOYA Y ARGERICH,-34.602,-58.491,16.0,202 - NOGOYA Y ARGERICH
DEVOTO,COMUNA 11,203,BEIRO,-34.6007,-58.5034,20.0,203 - BEIRO
VILLA DEL PARQUE,COMUNA 11,204,BIARRITZ,-34.6055,-58.4774,16.0,204 - BIARRITZ
VILLA CRESPO,COMUNA 15,205,SAN MARTIN,-34.6057,-58.4532,16.0,205 - SAN MARTIN
VILLA GENERAL MITRE,COMUNA 11,206,GALICIA,-34.6158,-58.4708,20.0,206 - GALICIA
DEVOTO,COMUNA 11,207,PLAZA ARENALES,-34.6001,-58.5117,28.0,207 - PLAZA ARENALES
PATERNAL,COMUNA 15,208,SEGUI,-34.5985,-58.4613,16.0,208 - SEGUI
CABALLITO,COMUNA 6,209,PAYSANDU,-34.6104,-58.4543,20.0,209 - PAYSANDU
VILLA DEL PARQUE,COMUNA 11,210,TERRERO,-34.6029,-58.4794,16.0,210 - TERRERO
CABALLITO,COMUNA 6,211,ARANGUREN Y SEGUI,-34.6194,-58.4546,16.0,211 - ARANGUREN Y SEGUI
CABALLITO,COMUNA 6,212,SOR JUANA,-34.6104,-58.4603,16.0,212 - SOR JUANA
PATERNAL,COMUNA 15,213,HOSPITAL ALVEAR,-34.5974,-58.4753,20.0,213 - HOSPITAL ALVEAR
FLORES,COMUNA 7,214,FLORES,-34.6263,-58.4674,12.0,214 - FLORES
FLORES,COMUNA 7,215,HOSPITAL ALVAREZ,-34.6231,-58.4684,20.0,215 - HOSPITAL ALVAREZ
VILLA SANTA RITA,COMUNA 11,216,MAGARIÑOS CERVANTES Y ARGERICH,-34.6142,-58.4813,16.0,216 - MAGARIÑOS CERVANTES Y ARGERICH
PARQUE CHACABUCO,COMUNA 7,217,CACHIMAYO,-34.6366,-58.4368,24.0,217 - CACHIMAYO
VILLA SANTA RITA,COMUNA 11,218,CAMPANA,-34.6168,-58.4842,20.0,218 - CAMPANA
PARQUE CHACABUCO,COMUNA 7,219,PARQUE CHACABUCO II,-34.6363,-58.4439,20.0,219 - PARQUE CHACABUCO II
CHACARITA,COMUNA 15,220,GIRIBONE,-34.5798,-58.4577,20.0,220 - GIRIBONE
FLORES,COMUNA 7,221,CULPINA,-34.6316,-58.4663,20.0,221 - CULPINA
PARQUE CHACABUCO,COMUNA 7,222,SIMON BOLIVAR,-34.6334,-58.4493,24.0,222 - SIMON BOLIVAR
CABALLITO,COMUNA 6,223,GAINZA,-34.6168,-58.4467,16.0,223 - GAINZA
CABALLITO,COMUNA 6,224,FERROCARRIL OESTE,-34.6192,-58.4453,20.0,224 - FERROCARRIL OESTE
PARQUE CHAS,COMUNA 15,225,HOSPITAL TORNU,-34.5876,-58.474,20.0,225 - HOSPITAL TORNU
PATERNAL,COMUNA 15,226,PARQUE LA PATERNAL,-34.5951,-58.4771,20.0,226 - PARQUE LA PATERNAL
NUÑEZ,COMUNA 13,227,CLUB CIUDAD DE BUENOS AIRES,-34.5447,-58.4597,16.0,227 - CLUB CIUDAD DE BUENOS AIRES
FLORES,COMUNA 7,228,BALDOMERO,-34.6355,-58.4562,20.0,228 - BALDOMERO
PARQUE CHACABUCO,COMUNA 7,229,RIGLOS,-34.631,-58.4352,20.0,229 - RIGLOS
PALERMO,COMUNA 14,230,PARQUE LAS HERAS II,-34.5837,-58.4064,20.0,230 - PARQUE LAS HERAS II
VILLA GENERAL MITRE,COMUNA 11,231,MAGARIÑOS CERVANTES,-34.6104,-58.4745,12.0,231 - MAGARIÑOS CERVANTES
BELGRANO,COMUNA 13,232,SUCRE Y MARTINEZ,-34.5705,-58.4662,20.0,232 - SUCRE Y MARTINEZ
COGHLAN,COMUNA 12,233,MONROE,-34.5641,-58.4698,16.0,233 - MONROE
VILLA URQUIZA,COMUNA 12,234,VALDENEGRO,-34.5685,-58.4846,20.0,234 - VALDENEGRO
COLEGIALES,COMUNA 13,235,COLEGIALES,-34.5719,-58.4522,16.0,235 - COLEGIALES
PALERMO,COMUNA 14,236,GUEMES,-34.5808,-58.4248,28.0,236 - GUEMES
PUERTO MADERO,COMUNA 1,237,MADERO OFFICE,-34.5991,-58.3645,28.0,237 - MADERO OFFICE
BELGRANO,COMUNA 13,238,RIVERA,-34.5578,-58.4629,20.0,238 - RIVERA
BELGRANO,COMUNA 13,239,VIDAL,-34.5582,-58.4654,24.0,239 - VIDAL
BELGRANO,COMUNA 13,240,ECHEVERRIA,-34.5653,-58.4594,24.0,240 - ECHEVERRIA
CABALLITO,COMUNA 6,241,SANATORIO MENDEZ,-34.6134,-58.4402,20.0,241 - SANATORIO MENDEZ
PALERMO,COMUNA 14,242,PLAZOLETA RAFAEL DEL RIEGO,-34.5674,-58.4464,16.0,242 - PLAZOLETA RAFAEL DEL RIEGO
CHACARITA,COMUNA 15,243,PLAZOLETA CELEDONIO FLORES,-34.5817,-58.4516,12.0,243 - PLAZOLETA CELEDONIO FLORES
MONSERRAT,COMUNA 1,244,UADE,-34.6171,-58.3815,16.0,244 - UADE
NUÑEZ,COMUNA 13,245,ARRIBEÑOS,-34.548,-58.4584,16.0,245 - ARRIBEÑOS
BELGRANO,COMUNA 13,246,EDUARDO OLIVERA,-34.5618,-58.4447,16.0,246 - EDUARDO OLIVERA
NUÑEZ,COMUNA 13,247,PLAZA LUCIO DEMARE,-34.5457,-58.4651,16.0,247 - PLAZA LUCIO DEMARE
BELGRANO,COMUNA 13,248,HUSARES,-34.5524,-58.443,16.0,248 - HUSARES
BELGRANO,COMUNA 13,249,BALBIN,-34.5614,-58.4657,12.0,249 - BALBIN
BELGRANO,COMUNA 13,250,FLENI,-34.5556,-58.4505,20.0,250 - FLENI
PALERMO,COMUNA 14,251,SOLAR DE LA ABADIA,-34.5675,-58.437,20.0,251 - SOLAR DE LA ABADIA
COGHLAN,COMUNA 12,252,TAMBORINI,-34.5601,-58.4791,20.0,252 - TAMBORINI
COLEGIALES,COMUNA 13,253,PLAZA COLEGIALES,-34.5784,-58.4453,12.0,253 - PLAZA COLEGIALES
BELGRANO,COMUNA 13,254,PLAZA RAFAEL HERNANDEZ,-34.5625,-58.4552,16.0,254 - PLAZA RAFAEL HERNANDEZ
BELGRANO,COMUNA 13,255,BARRANCAS DE BELGRANO,-34.5599,-58.4482,24.0,255 - BARRANCAS DE BELGRANO
BELGRANO,COMUNA 13,256,PLAZA NORUEGA,-34.5622,-58.4594,20.0,256 - PLAZA NORUEGA
NUÑEZ,COMUNA 13,257,PLAZA FRANCISCO RAMIREZ,-34.5531,-58.4689,28.0,257 - PLAZA FRANCISCO RAMIREZ
COLEGIALES,COMUNA 13,258,PLAZA J.J. PASO,-34.5691,-58.4538,20.0,258 - PLAZA J.J. PASO
BELGRANO,COMUNA 13,259,PLAZA CASTELLI,-34.5679,-58.4642,16.0,259 - PLAZA CASTELLI
COLEGIALES,COMUNA 13,260,SAN MIGUEL DE GARICOITS,-34.5772,-58.4576,18.0,260 - SAN MIGUEL DE GARICOITS
BELGRANO,COMUNA 13,261,QUINTEROS LIDORO,-34.5523,-58.4509,16.0,261 - QUINTEROS LIDORO
VILLA URQUIZA,COMUNA 12,262,HOLMBERG,-34.5667,-58.4791,16.0,262 - HOLMBERG
VILLA URQUIZA,COMUNA 12,263,PLAZA ECHEVERRIA,-34.5717,-58.4897,16.0,263 - PLAZA ECHEVERRIA
VILLA URQUIZA,COMUNA 12,264,PLAZA MARCOS SASTRE,-34.5711,-58.4809,24.0,264 - PLAZA MARCOS SASTRE
PARQUE CHAS,COMUNA 15,265,PLAZA EXODO JUJEÑO,-34.5826,-58.481,16.0,265 - PLAZA EXODO JUJEÑO
PARQUE CHAS,COMUNA 15,266,PLAZA ALFREDO NOBEL,-34.5874,-58.4843,20.0,266 - PLAZA ALFREDO NOBEL
VILLA ORTUZAR,COMUNA 15,267,PLAZA 25 DE AGOSTO,-34.5797,-58.4618,15.0,267 - PLAZA 25 DE AGOSTO
VILLA DEL PARQUE,COMUNA 11,268,PLAZA ARISTOBULO DEL VALLE,-34.6064,-58.4932,16.0,268 - PLAZA ARISTOBULO DEL VALLE
FLORES,COMUNA 7,269,PLAZA DE LA MISERICORDIA,-34.6328,-58.4551,11.0,269 - PLAZA DE LA MISERICORDIA
FLORES,COMUNA 7,270,PLAZA DEL ANGEL GRIS,-34.6218,-58.4577,12.0,270 - PLAZA DEL ANGEL GRIS
FLORES,COMUNA 7,271,PLAZOLETA 11 DE NOVIEMBRE,-34.6344,-58.4635,16.0,271 - PLAZOLETA 11 DE NOVIEMBRE
CABALLITO,COMUNA 6,272,PLAZA BRUNO GIORDANO,-34.6159,-58.4407,16.0,272 - PLAZA BRUNO GIORDANO
BARRACAS,COMUNA 4,273,PLAZOLETA COLOMBIA,-34.6377,-58.3737,20.0,273 - PLAZOLETA COLOMBIA
VILLA GENERAL MITRE,COMUNA 11,274,PLAZA NUESTRA SEÑORA DE LA ASUNCION,-34.615,-58.4666,16.0,274 - PLAZA NUESTRA SEÑORA DE LA ASUNCION
CABALLITO,COMUNA 6,275,PLAZA 24 DE SEPTIEMBRE,-34.6071,-58.4485,16.0,275 - PLAZA 24 DE SEPTIEMBRE
CABALLITO,COMUNA 6,276,PRIMERA JUNTA,-34.6204,-58.4412,16.0,276 - PRIMERA JUNTA
COGHLAN,COMUNA 12,277,COGHLAN,-34.5658,-58.4755,8.0,277 - COGHLAN
PATERNAL,COMUNA 15,278,DONATO ALVAREZ,-34.6021,-58.4655,16.0,278 - DONATO ALVAREZ
VILLA URQUIZA,COMUNA 12,279,ANDONAEGUI,-34.581,-58.4851,20.0,279 - ANDONAEGUI
VILLA URQUIZA,COMUNA 12,280,JURAMENTO,-34.579,-58.4841,16.0,280 - JURAMENTO
VILLA URQUIZA,COMUNA 12,281,VILLA URQUIZA,-34.5736,-58.4873,24.0,281 - VILLA URQUIZA
VILLA ORTUZAR,COMUNA 15,282,TRONADOR,-34.5841,-58.4663,18.0,282 - TRONADOR
SAAVEDRA,COMUNA 12,283,CNEL. JUAN CRUZ CZETZ,-34.5561,-58.481,16.0,283 - CNEL. JUAN CRUZ CZETZ
FLORES,COMUNA 7,284,BONIFACIO Y CARABOBO,-34.6305,-58.4552,16.0,284 - BONIFACIO Y CARABOBO
VILLA CRESPO,COMUNA 15,285,ESPINOSA,-34.604,-58.4572,20.0,285 - ESPINOSA
CABALLITO,COMUNA 6,286,OEA,-34.6281,-58.4401,20.0,286 - OEA
VILLA SANTA RITA,COMUNA 11,287,BELAUSTEGUI,-34.6164,-58.4772,16.0,287 - BELAUSTEGUI
NUÑEZ,COMUNA 13,288,11 DE SEPTIEMBRE,-34.5478,-58.4599,20.0,288 - 11 DE SEPTIEMBRE
BELGRANO,COMUNA 13,289,MONTAÑESES,-34.5514,-58.4541,19.0,289 - MONTAÑESES
BELGRANO,COMUNA 13,290,CLUB EXCURSIONISTAS,-34.5581,-58.4433,16.0,290 - CLUB EXCURSIONISTAS
PALERMO,COMUNA 14,291,UNIVERSIDAD DE BELGRANO,-34.5649,-58.4448,20.0,291 - UNIVERSIDAD DE BELGRANO
PALERMO,COMUNA 14,292,PLAZA BOLIVIA,-34.5635,-58.4367,12.0,292 - PLAZA BOLIVIA
FLORES,COMUNA 7,293,PEDERNERA,-34.633,-58.4625,16.0,293 - PEDERNERA
CABALLITO,COMUNA 6,294,BONIFACIO,-34.6264,-58.4323,16.0,294 - BONIFACIO
SAAVEDRA,COMUNA 12,295,LARRALDE,-34.5508,-58.472,20.0,295 - LARRALDE
COGHLAN,COMUNA 12,296,FREIRE,-34.5595,-58.47,16.0,296 - FREIRE
SAAVEDRA,COMUNA 12,297,TRONADOR Y GARCIA DEL RIO,-34.5546,-58.4854,16.0,297 - TRONADOR Y GARCIA DEL RIO
BOCA,COMUNA 4,298,IRALA,-34.6349,-58.3672,19.0,298 - IRALA
VILLA REAL,COMUNA 10,298,PLAZA DR. JUAN B. TERAN,-34.6216,-58.5198,16.0,298 - PLAZA DR. JUAN B. TERAN
CABALLITO,COMUNA 6,299,HIDALGO,-34.6104,-58.4411,20.0,299 - HIDALGO
PATERNAL,COMUNA 15,300,JOSE ARTIGAS,-34.5903,-58.467,6.0,300 - JOSE ARTIGAS
VILLA DEL PARQUE,COMUNA 11,301,ARREGUI Y TERRADA,-34.6049,-58.4848,16.0,301 - ARREGUI Y TERRADA
VILLA LURO,COMUNA 10,302,ESTACION VILLA LURO,-34.637,-58.5014,16.0,302 - ESTACION VILLA LURO
FLORES,COMUNA 7,302,PLAZA JOSE MARTI,-34.6496,-58.4627,,302 - PLAZA JOSE MARTI
VILLA CRESPO,COMUNA 15,303,HUAURA,-34.5973,-58.4531,16.0,303 - HUAURA
AGRONOMIA,COMUNA 15,304,NAVARRO,-34.5923,-58.492,16.0,304 - NAVARRO
VILLA PUEYRREDON,COMUNA 12,305,PLAZA MARTIN RODRIGUEZ,-34.591,-58.5003,20.0,305 - PLAZA MARTIN RODRIGUEZ
VILLA CRESPO,COMUNA 15,306,TRES ARROYOS Y OLAYA,-34.6024,-58.4488,20.0,306 - TRES ARROYOS Y OLAYA
BARRACAS,COMUNA 4,307,LEONARDO PEREYRA,-34.6506,-58.3873,16.0,307 - LEONARDO PEREYRA
VILLA DEL PARQUE,COMUNA 11,308,ARTIGAS Y MELINCUE,-34.598,-58.4858,12.0,308 - ARTIGAS Y MELINCUE
NUEVA POMPEYA,COMUNA 4,309,HOMERO MANZI,-34.6449,-58.4316,20.0,309 - HOMERO MANZI
VILLA LUGANO,COMUNA 8,309,UTN II,-34.6605,-58.4676,20.0,309 - UTN II
COLEGIALES,COMUNA 13,310,GREGORIA PEREZ,-34.5764,-58.4546,16.0,310 - GREGORIA PEREZ
FLORESTA,COMUNA 10,311,CONCORDIA,-34.629,-58.477,20.0,311 - CONCORDIA
PARQUE CHACABUCO,COMUNA 7,312,PARQUE CHACABUCO I,-34.6341,-58.4465,20.0,312 - PARQUE CHACABUCO I
VILLA ORTUZAR,COMUNA 15,313,DE LOS INCAS,-34.5816,-58.4747,16.0,313 - DE LOS INCAS
FLORESTA,COMUNA 10,314,RAMON FALCON,-34.6347,-58.4795,17.0,314 - RAMON FALCON
DEVOTO,COMUNA 11,315,BEIRO Y SAN MARTIN,-34.5976,-58.4985,16.0,315 - BEIRO Y SAN MARTIN
BARRACAS,COMUNA 4,316,BUENOS AIRES,-34.6459,-58.3968,20.0,316 - BUENOS AIRES
BELGRANO,COMUNA 13,317,CERO MAS INFINITO,-34.5442,-58.4423,19.0,317 - CERO MAS INFINITO
VILLA ORTUZAR,COMUNA 15,318,PLAZA Y CARBAJAL,-34.5768,-58.469,20.0,318 - PLAZA Y CARBAJAL
VILLA GENERAL MITRE,COMUNA 11,319,CERVANTES Y TRELLES,-34.606,-58.4647,20.0,319 - CERVANTES Y TRELLES
FLORES,COMUNA 7,320,QUIRNO,-34.6409,-58.4663,16.0,320 - QUIRNO
FLORES,COMUNA 7,321,PERITO MORENO,-34.6487,-58.432,19.0,321 - PERITO MORENO
FLORES,COMUNA 7,322,MARTI Y DIRECTORIO,-34.6365,-58.4701,12.0,322 - MARTI Y DIRECTORIO
PARQUE AVELLANEDA,COMUNA 9,323,PARQUE AVELLANEDA II,-34.6453,-58.4846,28.0,323 - PARQUE AVELLANEDA II
FLORESTA,COMUNA 10,324,LAS VICTORIAS,-34.6268,-58.4873,20.0,324 - LAS VICTORIAS
BALVANERA,COMUNA 3,325,CASTELLI Y PERON,-34.6076,-58.4048,20.0,325 - CASTELLI Y PERON
PUERTO MADERO,COMUNA 1,326,EMMA DE LA BARRA,-34.601,-58.3646,16.0,326 - EMMA DE LA BARRA
ALMAGRO,COMUNA 5,327,ACUÑA DE FIGUEROA Y POTOSI,-34.6074,-58.423,16.0,327 - ACUÑA DE FIGUEROA Y POTOSI
VILLA DEVOTO,COMUNA 11,327,PLAZA RICCHERI,-34.6107,-58.5191,16.0,327 - PLAZA RICCHERI
SAN NICOLAS,COMUNA 1,328,CENTRO CULTURAL SAN MARTIN,-34.6053,-58.3881,20.0,328 - CENTRO CULTURAL SAN MARTIN
BALVANERA,COMUNA 3,329,PASO Y LAVALLE,-34.6036,-58.4037,20.0,329 - PASO Y LAVALLE
PARQUE AVELLANEDA,COMUNA 9,330,PARQUE AVELLANEDA,-34.6423,-58.4783,28.0,330 - PARQUE AVELLANEDA
BARRACAS,COMUNA 4,331,CALIFORNIA,-34.647,-58.3743,16.0,331 - CALIFORNIA
BARRACAS,COMUNA 4,331,PLAZA HERRERA,-34.6437,-58.3762,16.0,331 - PLAZA HERRERA
COLEGIALES,COMUNA 13,332,PLAZOLETA PORTUGAL,-34.5702,-58.4562,20.0,332 - PLAZOLETA PORTUGAL
PARQUE CHACABUCO,COMUNA 7,333,MIRO,-34.6403,-58.4429,20.0,333 - MIRO
RECOLETA,COMUNA 2,334,CENTRO DE EXPOSICIONES,-34.5841,-58.3907,28.0,334 - CENTRO DE EXPOSICIONES
PALERMO,COMUNA 14,335,GENERAL URQUIZA,-34.5713,-58.4119,20.0,335 - GENERAL URQUIZA
BELGRANO,COMUNA 13,336,LA PAMPA,-34.5656,-58.4555,16.0,336 - LA PAMPA
VILLA LUGANO,COMUNA 8,337,UTN,-34.6599,-58.4685,14.0,337 - UTN
BELGRANO,COMUNA 13,338,SUCRE Y DRAGONES,-34.5544,-58.439,16.0,338 - SUCRE Y DRAGONES
NUEVA POMPEYA,COMUNA 4,339,AMANCIO ALCORTA,-34.6565,-58.4161,24.0,339 - AMANCIO ALCORTA
NUEVA POMPEYA,COMUNA 4,340,PLAZA NUEVA POMPEYA,-34.6517,-58.4146,16.0,340 - PLAZA NUEVA POMPEYA
NUEVA POMPEYA,COMUNA 4,341,COMUNA 4,-34.6499,-58.4247,16.0,341 - COMUNA 4
NUEVA POMPEYA,COMUNA 4,341,TILCARA,-34.6544,-58.4199,16.0,341 - TILCARA
NUEVA POMPEYA,COMUNA 4,342,SAENZ,-34.6501,-58.4161,16.0,342 - SAENZ
NUEVA POMPEYA,COMUNA 4,343,POMAR,-34.6412,-58.42,20.0,343 - POMAR
BELGRANO,COMUNA 13,344,UNIVERSIDAD DI TELLA,-34.5481,-58.4476,20.0,344 - UNIVERSIDAD DI TELLA
COLEGIALES,COMUNA 13,345,PLAZA MAFALDA,-34.5809,-58.4446,20.0,345 - PLAZA MAFALDA
VILLA URQUIZA,COMUNA 12,346,PLAZA ZAPIOLA,-34.5737,-58.4743,20.0,346 - PLAZA ZAPIOLA
VILLA ORTUZAR,COMUNA 15,347,PLAZA MALAVER,-34.5881,-58.4667,20.0,347 - PLAZA MALAVER
VILLA DEL PARQUE,COMUNA 11,348,VILLA DEL PARQUE,-34.6007,-58.494,12.0,348 - VILLA DEL PARQUE
VILLA GENERAL MITRE,COMUNA 11,349,PLAZA SAENZ PEÑA,-34.6096,-58.4674,16.0,349 - PLAZA SAENZ PEÑA
CABALLITO,COMUNA 6,350,PLAZA IRLANDA,-34.6131,-58.4572,24.0,350 - PLAZA IRLANDA
FLORES,COMUNA 7,351,PLAZA DE LOS PERIODISTAS,-34.6212,-58.4738,6.0,351 - PLAZA DE LOS PERIODISTAS
FLORES,COMUNA 7,352,SAN JOSE DE FLORES,-34.6289,-58.4627,24.0,352 - SAN JOSE DE FLORES
FLORESTA,COMUNA 10,353,PLAZA VÉLEZ SARSFIELD,-34.6295,-58.4837,12.0,353 - PLAZA VÉLEZ SARSFIELD
FLORES,COMUNA 7,354,JOSE MARTI,-34.6438,-58.463,16.0,354 - JOSE MARTI
FLORES,COMUNA 7,354,PLAZA TUPAC AMARU,-34.642,-58.462,16.0,354 - PLAZA TUPAC AMARU
BARRACAS,COMUNA 4,355,PLAZA RICARDO LLERAS,-34.6348,-58.3787,19.0,355 - PLAZA RICARDO LLERAS
VILLA LUGANO,COMUNA 8,356,ESTACION LUGANO,-34.6771,-58.4757,12.0,356 - ESTACION LUGANO
BARRACAS,COMUNA 4,356,PLAZA SERGIO KARAKACHOFF,-34.6381,-58.3777,16.0,356 - PLAZA SERGIO KARAKACHOFF
SAN CRISTOBAL,COMUNA 3,357,PLAZA MARTIN FIERRO,-34.6259,-58.4069,20.0,357 - PLAZA MARTIN FIERRO
BOCA,COMUNA 4,358,PLAZA ALMIRANTE BROWN,-34.6453,-58.3653,23.0,358 - PLAZA ALMIRANTE BROWN
BOCA,COMUNA 4,358,REGIMIENTO PATRICIOS,-34.6456,-58.3685,23.0,358 - REGIMIENTO PATRICIOS
NUÑEZ,COMUNA 13,359,PLAZA BALCARCE,-34.5475,-58.4678,28.0,359 - PLAZA BALCARCE
VELEZ SARFIELD,COMUNA 10,360,PLAZA RAMON FALCON,-34.6354,-58.4827,12.0,360 - PLAZA RAMON FALCON
FLORES,COMUNA 7,361,PLAZA DON SEGUNDO SOMBRA,-34.6419,-58.4507,16.0,361 - PLAZA DON SEGUNDO SOMBRA
BELGRANO,COMUNA 13,362,PARQUE DE LA MEMORIA,-34.5429,-58.4351,20.0,362 - PARQUE DE LA MEMORIA
NUÑEZ,COMUNA 13,363,UDAONDO,-34.5461,-58.452,20.0,363 - UDAONDO
PALERMO,COMUNA 14,364,CARRANZA Y GORRITI,-34.5841,-58.4401,20.0,364 - CARRANZA Y GORRITI
VILLA URQUIZA,COMUNA 12,364,CERRETTI Y MANUELA PEDRAZA,-34.5691,-58.5003,16.0,364 - CERRETTI Y MANUELA PEDRAZA
FLORESTA,COMUNA 10,365,VENANCIO FLORES,-34.6294,-58.472,20.0,365 - VENANCIO FLORES
BARRACAS,COMUNA 4,366,PLAZA DIAZ VELEZ,-34.6526,-58.3769,16.0,366 - PLAZA DIAZ VELEZ
VILLA LUGANO,COMUNA 8,366,VILLA OLIMPICA,-34.6774,-58.4542,16.0,366 - VILLA OLIMPICA
PARQUE AVELLANEDA,COMUNA 9,367,EVA PERON,-34.6473,-58.47,16.0,367 - EVA PERON
FLORES,COMUNA 7,367,MARIANO CASTEX,-34.6454,-58.4574,16.0,367 - MARIANO CASTEX
PARQUE AVELLANEDA,COMUNA 9,367,MARTINEZ CASTRO,-34.6437,-58.4703,16.0,367 - MARTINEZ CASTRO
FLORESTA,COMUNA 10,368,ENSENADA,-34.6378,-58.4768,12.0,368 - ENSENADA
BELGRANO,COMUNA 13,369,CIUDAD DE LA PAZ,-34.5566,-58.4629,24.0,369 - CIUDAD DE LA PAZ
PARQUE CHACABUCO,COMUNA 7,370,BEAUCHEF,-34.6401,-58.4304,20.0,370 - BEAUCHEF
BELGRANO,COMUNA 13,371,PASEO DE LAS AMERICAS,-34.553,-58.4352,12.0,371 - PASEO DE LAS AMERICAS
VILLA SOLDATI,COMUNA 8,372,VILLA SOLDATI,-34.6641,-58.437,16.0,372 - VILLA SOLDATI
CONSTITUCION,COMUNA 1,373,JORGELINA DE SIMONE,-34.624,-58.3906,16.0,373 - JORGELINA DE SIMONE
CABALLITO,COMUNA 6,374,PUAN,-34.6221,-58.4484,16.0,374 - PUAN
BELGRANO,COMUNA 13,375,CIUDAD UNIVERSITARIA I,-34.5446,-58.4396,20.0,375 - CIUDAD UNIVERSITARIA I
BELGRANO,COMUNA 13,376,CIUDAD UNIVERSITARIA II,-34.5422,-58.4427,12.0,376 - CIUDAD UNIVERSITARIA II
BELGRANO,COMUNA 13,377,CIUDAD UNIVERSITARIA III,-34.5414,-58.4442,28.0,377 - CIUDAD UNIVERSITARIA III
AGRONOMIA,COMUNA 15,378,AGRONOMIA,-34.5983,-58.4819,12.0,378 - AGRONOMIA
VILLA SOLDATI,COMUNA 8,379,BERG,-34.6598,-58.429,12.0,379 - BERG
VILLA SOLDATI,COMUNA 8,379,CORPORACION BUENOS AIRES SUR,-34.6655,-58.4385,16.0,379 - CORPORACION BUENOS AIRES SUR
SAAVEDRA,COMUNA 12,379,PARQUE SARMIENTO II,-34.5645,-58.5029,16.0,379 - PARQUE SARMIENTO II
CABALLITO,COMUNA 6,380,PAYSANDU Y GALICIA,-34.6085,-58.456,20.0,380 - PAYSANDU Y GALICIA
PALERMO,COMUNA 14,381,MATIENZO Y ARCE,-34.5688,-58.4343,24.0,381 - MATIENZO Y ARCE
BARRACAS,COMUNA 4,382,CMD,-34.6545,-58.3794,16.0,382 - CMD
MATADEROS,COMUNA 9,382,MERCADO DE HACIENDA MATADEROS,-34.6615,-58.5016,16.0,382 - MERCADO DE HACIENDA MATADEROS
ALMAGRO,COMUNA 5,383,BOEDO Y VENEZUELA,-34.6171,-58.4169,20.0,383 - BOEDO Y VENEZUELA
VILLA CRESPO,COMUNA 15,384,PLAZA BENITO NAZAR,-34.6048,-58.4463,16.0,384 - PLAZA BENITO NAZAR
CABALLITO,COMUNA 6,385,FRANKLIN,-34.6078,-58.4382,20.0,385 - FRANKLIN
FLORES,COMUNA 7,386,GAVILAN Y VALLESE,-34.6205,-58.4637,20.0,386 - GAVILAN Y VALLESE
PARQUE PATRICIOS,COMUNA 4,387,LUNA,-34.63847,-58.3997,16.0,387 - LUNA
PARQUE PATRICIOS,COMUNA 4,388,PLAZA JOSE C PAZ,-34.64503,-58.40973,20.0,388 - PLAZA JOSE C PAZ
BELGRANO,COMUNA 13,389,PLAZA REPUBLICA DE MEXICO,-34.5541,-58.4362,24.0,389 - PLAZA REPUBLICA DE MEXICO
PALERMO,COMUNA 14,390,DE LOS OMBUES,-34.56,-58.428,20.0,390 - DE LOS OMBUES
PALERMO,COMUNA 14,391,PLAZA REPUBLICA DE ECUADOR,-34.56553,-58.41986,20.0,391 - PLAZA REPUBLICA DE ECUADOR
CABALLITO,COMUNA 6,392,CALASANZ,-34.6247,-58.4377,20.0,392 - CALASANZ
RETIRO,COMUNA 1,393,BARRIO 31,-34.58309,-58.37782,24.0,393 - BARRIO 31
NUEVA POMPEYA,COMUNA 4,394,AV. LA PLATA,-34.64408,-58.42212,16.0,394 - AV. LA PLATA
AGRONOMIA,COMUNA 15,395,AGRONOMIA II,-34.5891,-58.48472,16.0,395 - AGRONOMIA II
BELGRANO,COMUNA 13,396,PLAZA ALBERTI,-34.55571,-58.45789,20.0,396 - PLAZA ALBERTI
LINIERS,COMUNA 9,397,PARQUE SANTOJANNI,-34.6484,-58.5136,16.0,397 - PARQUE SANTOJANNI
BOCA,COMUNA 4,397,PLAZA MATHEU,-34.6136,-58.4233,24.0,397 - PLAZA MATHEU
CABALLITO,COMUNA 6,398,ROJAS,-34.6125,-58.4449,16.0,398 - ROJAS
SAAVEDRA,COMUNA 12,399,GARCIA DEL RIO,-34.55024,-58.4771,28.0,399 - GARCIA DEL RIO
PUERTO MADERO,COMUNA 1,400,RESERVA ECOLOGICA,-34.6173,-58.3567,19.0,400 - RESERVA ECOLOGICA
BALVANERA,COMUNA 3,84,TEATRO PICADERO,-34.6042,-58.3937,8.0,084 - TEATRO PICADERO
BALVANERA,COMUNA 3,328,SARMIENTO II,-34.6058,-58.3958,12.0,328 - SARMIENTO II
ALMAGRO,COMUNA 5,333,PARQUE DE LA ESTACION,-34.608,-58.4118,16.0,333 - PARQUE DE LA ESTACION
VILLA DEVOTO,COMUNA 11,192,HOSPITAL SIRIO,-34.5904,-58.5071,12.0,192 - HOSPITAL SIRIO
MONTE CASTRO,COMUNA 10,279,PLAZA MONTE CASTRO,-34.6181,-58.4985,12.0,279 - PLAZA MONTE CASTRO
VILLA DEL PARQUE,COMUNA 11,216,EMILIO LAMARCA,-34.6133,-58.4933,12.0,216 - EMILIO LAMARCA
MONTE CASTRO,COMUNA 10,224,BAIGORRIA,-34.6106,-58.5029,12.0,224 - BAIGORRIA
VILLA DEVOTO,COMUNA 11,62,PARQUE ONEGA,-34.5932,-58.5138,12.0,062 - PARQUE ONEGA
VILLA DEVOTO,COMUNA 11,173,EL LIBERTADOR,-34.5944,-58.5032,12.0,173 - EL LIBERTADOR
VILLA REAL,COMUNA 10,238,PLAZA LAS TOSCANERAS,-34.639,-58.5043,12.0,238 - PLAZA LAS TOSCANERAS
FLORES,COMUNA 7,347,CARABOBO,-34.626,-58.4553,12.0,347 - CARABOBO
VILLA GENERAL MITRE,COMUNA 11,274,GAVILAN,-34.615,-58.4666,12.0,274 - GAVILAN
COLEGIALES,COMUNA 13,15,AMENABAR,-34.5719,-58.4475,12.0,015 - AMENABAR
COLEGIALES,COMUNA 13,310,FREIRE II,-34.5799,-58.4443,12.0,310 - FREIRE II
PARQUE PATRICIOS,COMUNA 4,311,SECRETARIA DE INNOVACION,-34.6346,-58.3951,12.0,311 - SECRETARIA DE INNOVACION
LINIERS,COMUNA 9,369,PLAZA LARRAZABAL,-34.6428,-58.5126,12.0,369 - PLAZA LARRAZABAL
SAAVEDRA,COMUNA 12,175,PLAZA MACKENNA,-34.5436,-58.4771,12.0,175 - PLAZA MACKENNA
NUÑEZ,COMUNA 13,220,PLAZA FELIX LIMA,-34.5418,-58.4704,12.0,220 - PLAZA FELIX LIMA
PALERMO,COMUNA 14,230,PASEO DE LA COSTANERA II,-34.5519,-58.4266,12.0,230 - PASEO DE LA COSTANERA II
VILLA URQUIZA,COMUNA 12,234,AVENIDA TRIUNVIRATO,-34.5656,-58.4952,12.0,234 - AVENIDA TRIUNVIRATO
BELGRANO,COMUNA 13,239,AVENIDA CRAMER,-34.558,-58.4673,12.0,239 - AVENIDA CRAMER
NUÑEZ,COMUNA 13,288,SECRETARIA DE DEPORTES,-34.5472,-58.4564,12.0,288 - SECRETARIA DE DEPORTES
SAAVEDRA,COMUNA 12,295,SUPERI,-34.5554,-58.4767,12.0,295 - SUPERI
PALERMO,COMUNA 14,376,PASEO DE LA COSTANERA,-34.5503,-58.4297,12.0,376 - PASEO DE LA COSTANERA
PATERNAL,COMUNA 15,208,NICASIO OROÑO,-34.5964,-58.4594,8.0,208 - NICASIO OROÑO
PALERMO,COMUNA 14,245,COSTANERA NORTE,-34.5645,-58.4022,16.0,245 - COSTANERA NORTE
ALMAGRO,COMUNA 5,325,MEDRANO,-34.6094,-58.4215,16.0,325 - MEDRANO
VILLA URQUIZA,COMUNA 12,307,CERETTI,-34.5743,-58.4961,12.0,307 - CERETTI
VILLA PUEYRREDON,COMUNA 12,52,CAMPANA II,-34.583,-58.5131,12.0,052 - CAMPANA II
VILLA DEVOTO,COMUNA 11,314,ALLENDE,-34.6147,-58.5116,12.0,314 - ALLENDE
CABALLITO,COMUNA 6,266,PLAZA SABATTINI,-34.6124,-58.4433,8.0,266 - PLAZA SABATTINI
VILLA PUEYRREDON,COMUNA 12,55,HABANA,-34.5865,-58.4949,12.0,055 - HABANA
PARQUE PATRICIOS,COMUNA 4,41,PARQUE PATRICIOS II,-34.6374,-58.4057,20.0,041 - PARQUE PATRICIOS II
CABALLITO,COMUNA 6,80,VALLE,-34.6244,-58.4342,12.0,080 - VALLE
